date,direction,start_time,end_time,duration_s,num_bins,peak_time,peak_vx,peak_abs_vx,mean_vx,mean_vy,mean_vz
2017-01-01,tailward_fastflow_candidate,2017-01-01 02:42:15,2017-01-01 02:42:50,40.0,8,2017-01-01 02:42:30,-363.9998474121094,363.9998474121094,-336.4028129577637,19.2994966506958,-21.47967493534088
2017-01-01,tailward_fastflow_candidate,2017-01-01 06:26:05,2017-01-01 06:26:10,10.0,2,2017-01-01 06:26:10,-330.7140808105469,330.7140808105469,-327.771240234375,8.809282302856445,-25.735610008239743
2017-01-01,tailward_fastflow_candidate,2017-01-01 08:45:20,2017-01-01 08:45:55,40.0,8,2017-01-01 08:45:45,-471.975830078125,471.975830078125,-406.80434799194336,-10.137655586004255,-112.76782035827635
2017-01-01,tailward_fastflow_candidate,2017-01-01 08:46:40,2017-01-01 08:48:15,100.0,20,2017-01-01 08:47:45,-493.810302734375,493.810302734375,-414.9425071716309,-9.918777965009212,-103.39819011688232
2017-01-01,tailward_fastflow_candidate,2017-01-01 08:48:40,2017-01-01 08:48:45,10.0,2,2017-01-01 08:48:40,-380.3149719238281,380.3149719238281,-365.8235473632813,6.094271183013916,-123.3647689819336
2017-01-01,tailward_fastflow_candidate,2017-01-01 08:50:10,2017-01-01 08:50:15,10.0,2,2017-01-01 08:50:10,-352.5240478515625,352.5240478515625,-336.5621643066406,54.17629051208496,-177.01778411865234
2017-01-01,tailward_fastflow_candidate,2017-01-01 09:05:30,2017-01-01 09:06:00,35.0,7,2017-01-01 09:05:45,-437.8397216796875,437.8397216796875,-387.1587175641741,15.751639808927264,-40.92098372323172
2017-01-01,tailward_fastflow_candidate,2017-01-01 09:10:40,2017-01-01 09:13:25,170.0,34,2017-01-01 09:11:55,-526.9943237304688,526.9943237304688,-494.9024828742532,40.92319323034848,-31.82320188073551
2017-01-01,tailward_fastflow_candidate,2017-01-01 09:32:20,2017-01-01 09:32:30,15.0,3,2017-01-01 09:32:30,-344.72576904296875,344.72576904296875,-318.38661193847656,-60.72679805755615,-52.10616111755371
2017-01-01,tailward_fastflow_candidate,2017-01-01 09:32:40,2017-01-01 09:36:00,205.0,41,2017-01-01 09:35:50,-477.5437927246094,477.5437927246094,-402.45542498332696,15.33938715007247,-18.72721569712569
2017-01-01,tailward_fastflow_candidate,2017-01-01 09:36:25,2017-01-01 09:36:30,10.0,2,2017-01-01 09:36:30,-344.80194091796875,344.80194091796875,-337.4307861328125,177.3279571533203,44.51263618469238
2017-01-01,tailward_fastflow_candidate,2017-01-01 09:37:45,2017-01-01 09:38:05,25.0,5,2017-01-01 09:37:55,-395.1885681152344,395.1885681152344,-340.2164733886719,175.37857666015626,-33.484075927734374
2017-01-01,tailward_fastflow_candidate,2017-01-01 09:43:20,2017-01-01 09:44:15,60.0,12,2017-01-01 09:44:00,-500.02252197265625,500.02252197265625,-412.3599624633789,54.00921217600504,14.44100554784139
2017-01-01,tailward_fastflow_candidate,2017-01-01 09:44:25,2017-01-01 09:44:30,10.0,2,2017-01-01 09:44:25,-343.40338134765625,343.40338134765625,-335.5556182861328,50.84897136688232,3.321748733520508
2017-01-01,tailward_fastflow_candidate,2017-01-01 09:44:40,2017-01-01 09:47:25,170.0,34,2017-01-01 09:46:50,-513.4678955078125,513.4678955078125,-458.99100494384766,37.45253878481248,-28.778743659748752
2017-01-03,tailward_fastflow_candidate,2017-01-03 05:20:10,2017-01-03 05:20:25,20.0,4,2017-01-03 05:20:20,-353.970947265625,353.970947265625,-334.5155258178711,-70.3978099822998,36.161009311676025
2017-01-03,tailward_fastflow_candidate,2017-01-03 05:25:25,2017-01-03 05:25:40,20.0,4,2017-01-03 05:25:35,-345.46466064453125,345.46466064453125,-318.9122543334961,-3.499856472015381,56.80755019187927
2017-01-03,tailward_fastflow_candidate,2017-01-03 05:26:05,2017-01-03 05:26:15,15.0,3,2017-01-03 05:26:05,-328.0373840332031,328.0373840332031,-323.2228597005208,-15.02088212966919,40.431646982828774
2017-01-03,tailward_fastflow_candidate,2017-01-03 05:26:35,2017-01-03 05:27:05,35.0,7,2017-01-03 05:26:50,-340.1219177246094,340.1219177246094,-318.49386814662387,-16.169918264661515,11.427213941301618
2017-01-03,tailward_fastflow_candidate,2017-01-03 05:27:20,2017-01-03 05:27:40,25.0,5,2017-01-03 05:27:30,-341.17962646484375,341.17962646484375,-317.99834594726565,-10.26943006515503,12.277466201782227
2017-01-03,tailward_fastflow_candidate,2017-01-03 05:27:50,2017-01-03 05:28:20,35.0,7,2017-01-03 05:28:10,-361.682861328125,361.682861328125,-339.2830113002232,-10.177430357251849,34.76796204703195
2017-01-03,tailward_fastflow_candidate,2017-01-03 05:29:05,2017-01-03 05:29:30,30.0,6,2017-01-03 05:29:25,-333.3405456542969,333.3405456542969,-316.1782480875651,-29.318612813949585,47.017781575520836
2017-01-03,tailward_fastflow_candidate,2017-01-03 05:30:10,2017-01-03 05:30:30,25.0,5,2017-01-03 05:30:15,-341.171875,341.171875,-329.05743408203125,-27.649293518066408,25.43026638031006
2017-01-03,tailward_fastflow_candidate,2017-01-03 05:30:50,2017-01-03 05:31:25,40.0,8,2017-01-03 05:30:55,-361.7065124511719,361.7065124511719,-333.0774097442627,-9.58519671112299,40.15378248691559
2017-01-03,tailward_fastflow_candidate,2017-01-03 05:31:45,2017-01-03 05:32:00,20.0,4,2017-01-03 05:31:55,-322.39109802246094,322.39109802246094,-312.74673080444336,-15.442039370536804,65.20165729522705
2017-01-03,tailward_fastflow_candidate,2017-01-03 05:32:30,2017-01-03 05:32:40,15.0,3,2017-01-03 05:32:35,-353.8044738769531,353.8044738769531,-350.3754069010417,-16.019950707753498,22.26956335703532
2017-01-03,tailward_fastflow_candidate,2017-01-03 05:32:50,2017-01-03 05:33:45,60.0,12,2017-01-03 05:33:00,-365.59979248046875,365.59979248046875,-335.57981872558594,-10.490152935187021,22.448621431986492
2017-01-03,tailward_fastflow_candidate,2017-01-03 05:34:00,2017-01-03 05:34:05,10.0,2,2017-01-03 05:34:05,-326.4600830078125,326.4600830078125,-317.51275634765625,-31.740328669548035,20.94077777862549
2017-01-03,tailward_fastflow_candidate,2017-01-03 05:34:15,2017-01-03 05:35:25,75.0,15,2017-01-03 05:35:05,-360.6275939941406,360.6275939941406,-326.05609436035155,-4.34453251361847,36.93543942769369
2017-01-03,tailward_fastflow_candidate,2017-01-03 05:35:40,2017-01-03 05:35:50,15.0,3,2017-01-03 05:35:45,-353.87158203125,353.87158203125,-341.0094299316406,22.95933206876119,35.01903200149536
2017-01-03,tailward_fastflow_candidate,2017-01-03 05:36:00,2017-01-03 05:36:35,40.0,8,2017-01-03 05:36:10,-357.55523681640625,357.55523681640625,-330.85283279418945,7.861637786030769,39.18070983886719
2017-01-03,tailward_fastflow_candidate,2017-01-03 05:36:50,2017-01-03 05:36:55,10.0,2,2017-01-03 05:36:50,-353.1159973144531,353.1159973144531,-340.5747985839844,15.250672340393066,23.23489284515381
2017-01-03,tailward_fastflow_candidate,2017-01-03 05:37:10,2017-01-03 05:37:15,10.0,2,2017-01-03 05:37:15,-335.8606262207031,335.8606262207031,-328.18946838378906,13.607085943222046,10.00058364868164
2017-01-03,tailward_fastflow_candidate,2017-01-03 05:37:45,2017-01-03 05:46:25,525.0,105,2017-01-03 05:45:10,-372.091064453125,372.091064453125,-350.8348161969866,-11.639740388308253,29.112894403366816
2017-01-03,tailward_fastflow_candidate,2017-01-03 05:46:40,2017-01-03 06:14:45,1690.0,338,2017-01-03 06:09:45,-383.46820068359375,383.46820068359375,-373.057833699785,1.5461863831054838,18.707464896715603
2017-01-03,tailward_fastflow_candidate,2017-01-03 06:15:00,2017-01-03 06:27:55,780.0,156,2017-01-03 06:22:35,-372.61407470703125,372.61407470703125,-349.4446631211501,-30.50534374782672,20.601651427073357
2017-01-03,tailward_fastflow_candidate,2017-01-03 06:28:25,2017-01-03 06:29:20,60.0,12,2017-01-03 06:29:00,-340.1636962890625,340.1636962890625,-326.68535741170246,-57.610565980275474,10.834699392318726
2017-01-03,tailward_fastflow_candidate,2017-01-03 06:29:35,2017-01-03 06:30:40,70.0,14,2017-01-03 06:29:55,-341.01898193359375,341.01898193359375,-320.13343920026506,-60.28058556147984,9.28267765045166
2017-01-03,tailward_fastflow_candidate,2017-01-03 06:30:50,2017-01-03 06:33:20,155.0,31,2017-01-03 06:31:45,-367.3500671386719,367.3500671386719,-336.6212035148375,-44.70544636634089,20.91203095836024
2017-01-03,tailward_fastflow_candidate,2017-01-03 06:33:50,2017-01-03 06:35:50,125.0,25,2017-01-03 06:34:30,-350.120361328125,350.120361328125,-313.51905700683596,-68.16431434631347,2.2397536849975586
2017-01-03,tailward_fastflow_candidate,2017-01-03 06:37:00,2017-01-03 06:37:15,20.0,4,2017-01-03 06:37:00,-315.12066650390625,315.12066650390625,-307.0097427368164,-64.35368156433105,6.811165273189545
2017-01-03,tailward_fastflow_candidate,2017-01-03 06:37:25,2017-01-03 06:38:35,75.0,15,2017-01-03 06:37:40,-345.996826171875,345.996826171875,-327.1603505452474,-53.87690099080404,17.036568641662598
2017-01-03,tailward_fastflow_candidate,2017-01-03 06:38:50,2017-01-03 06:39:00,15.0,3,2017-01-03 06:38:55,-324.6644287109375,324.6644287109375,-320.8980407714844,-48.684983571370445,-5.149141947428386
2017-01-03,tailward_fastflow_candidate,2017-01-03 06:39:15,2017-01-03 06:43:25,255.0,51,2017-01-03 06:40:45,-385.40618896484375,385.40618896484375,-341.6684818641812,-34.77267305523741,13.856304580090093
2017-01-03,tailward_fastflow_candidate,2017-01-03 06:43:40,2017-01-03 06:44:25,50.0,10,2017-01-03 06:43:45,-323.8937683105469,323.8937683105469,-310.8792297363281,-66.15048656463622,-8.447732830047608
2017-01-03,tailward_fastflow_candidate,2017-01-03 06:44:40,2017-01-03 06:47:35,180.0,36,2017-01-03 06:46:05,-359.92010498046875,359.92010498046875,-330.5725504557292,-50.68257368935479,7.585710724194844
2017-01-03,tailward_fastflow_candidate,2017-01-03 06:47:45,2017-01-03 06:47:50,10.0,2,2017-01-03 06:47:50,-309.38543701171875,309.38543701171875,-307.1464538574219,-70.5132064819336,4.3879828453063965
2017-01-03,tailward_fastflow_candidate,2017-01-03 06:48:15,2017-01-03 06:54:00,350.0,70,2017-01-03 06:53:45,-392.72705078125,392.72705078125,-360.0316887991769,-25.274795598643166,32.32300919124058
2017-01-03,tailward_fastflow_candidate,2017-01-03 06:54:10,2017-01-03 06:54:50,45.0,9,2017-01-03 06:54:20,-343.05645751953125,343.05645751953125,-334.96880594889325,-42.273560418023,38.79656961229112
2017-01-03,tailward_fastflow_candidate,2017-01-03 06:55:00,2017-01-03 06:55:10,15.0,3,2017-01-03 06:55:05,-336.5804443359375,336.5804443359375,-322.684076944987,-55.01005872090658,40.33282279968262
2017-01-03,tailward_fastflow_candidate,2017-01-03 06:55:20,2017-01-03 07:22:30,1635.0,327,2017-01-03 07:22:05,-381.26287841796875,381.26287841796875,-359.56813497280854,-24.272586487848823,29.94271686098991
2017-01-03,tailward_fastflow_candidate,2017-01-03 07:22:45,2017-01-03 07:46:05,1405.0,281,2017-01-03 07:37:10,-389.5229187011719,389.5229187011719,-380.0949861248193,-19.607544817534205,29.64919551157018
2017-01-03,tailward_fastflow_candidate,2017-01-03 07:46:15,2017-01-03 07:48:05,115.0,23,2017-01-03 07:46:45,-374.235107421875,374.235107421875,-357.0320401399032,-23.75505880687548,48.81896806799847
2017-01-03,tailward_fastflow_candidate,2017-01-03 07:48:30,2017-01-03 07:49:20,55.0,11,2017-01-03 07:48:45,-335.2895202636719,335.2895202636719,-320.3732050115412,-32.638608412309125,65.66846604780717
2017-01-03,tailward_fastflow_candidate,2017-01-03 07:49:30,2017-01-03 11:19:30,12605.0,2521,2017-01-03 10:31:05,-482.4944152832031,482.4944152832031,-421.6281077208286,13.718273008188314,36.035062297759005
2017-01-03,tailward_fastflow_candidate,2017-01-03 11:19:55,2017-01-03 11:43:05,1395.0,279,2017-01-03 11:23:50,-455.8076477050781,455.8076477050781,-437.0374505374594,40.8329583718358,49.33272415933643
2017-01-03,tailward_fastflow_candidate,2017-01-03 12:29:30,2017-01-03 12:29:35,10.0,2,2017-01-03 12:29:35,-310.15185546875,310.15185546875,-305.86090087890625,170.4579620361328,110.98818969726562
2017-01-03,tailward_fastflow_candidate,2017-01-03 12:47:05,2017-01-03 12:47:55,55.0,11,2017-01-03 12:47:15,-410.97528076171875,410.97528076171875,-371.20813404430044,5.681688070297241,66.93759085915305
2017-01-03,tailward_fastflow_candidate,2017-01-03 12:49:00,2017-01-03 12:49:05,10.0,2,2017-01-03 12:49:05,-315.0997314453125,315.0997314453125,-314.61962890625,-64.67957496643066,2.268794059753418
2017-01-04,tailward_fastflow_candidate,2017-01-04 04:06:30,2017-01-04 04:06:50,25.0,5,2017-01-04 04:06:40,-329.2845458984375,329.2845458984375,-323.7340148925781,-28.985168075561525,42.59323081970215
2017-01-04,tailward_fastflow_candidate,2017-01-04 04:07:10,2017-01-04 04:07:45,40.0,8,2017-01-04 04:07:25,-345.4673767089844,345.4673767089844,-324.0444965362549,-31.26624619960785,37.34431600570679
2017-01-04,tailward_fastflow_candidate,2017-01-04 04:08:25,2017-01-04 04:11:30,190.0,38,2017-01-04 04:09:10,-372.65264892578125,372.65264892578125,-340.9062588340358,-13.357474057297958,27.65862394634046
2017-01-04,tailward_fastflow_candidate,2017-01-04 04:12:00,2017-01-04 04:12:10,15.0,3,2017-01-04 04:12:05,-330.133056640625,330.133056640625,-315.6222737630208,0.772087574005127,42.427781422932945
2017-01-04,tailward_fastflow_candidate,2017-01-04 04:12:25,2017-01-04 04:13:00,40.0,8,2017-01-04 04:12:45,-346.71240234375,346.71240234375,-331.45631217956543,-7.651067361235619,40.16725468635559
2017-01-04,tailward_fastflow_candidate,2017-01-04 04:13:10,2017-01-04 04:15:15,130.0,26,2017-01-04 04:14:30,-386.1516418457031,386.1516418457031,-350.33355595515326,8.545413246521584,40.19213386682364
2017-01-04,tailward_fastflow_candidate,2017-01-04 04:15:25,2017-01-04 04:18:50,210.0,42,2017-01-04 04:16:35,-391.76727294921875,391.76727294921875,-367.4362255278088,11.413381667364211,37.720738479069304
2017-01-04,tailward_fastflow_candidate,2017-01-04 04:19:00,2017-01-04 04:20:00,65.0,13,2017-01-04 04:19:15,-389.5230407714844,389.5230407714844,-352.64830603966345,-11.159411833836483,25.127309542435867
2017-01-04,tailward_fastflow_candidate,2017-01-04 04:20:30,2017-01-04 04:25:30,305.0,61,2017-01-04 04:23:15,-394.1494140625,394.1494140625,-355.7021354300077,-22.654679929379558,29.162695470403452
2017-01-04,tailward_fastflow_candidate,2017-01-04 04:25:40,2017-01-04 04:39:20,825.0,165,2017-01-04 04:33:50,-401.229248046875,401.229248046875,-369.7852403120561,-43.136629383491744,43.87852656624534
2017-01-04,tailward_fastflow_candidate,2017-01-04 04:39:50,2017-01-04 04:40:00,15.0,3,2017-01-04 04:40:00,-328.82484436035156,328.82484436035156,-319.3774058024089,-78.09362030029297,79.68138122558594
2017-01-04,tailward_fastflow_candidate,2017-01-04 04:40:10,2017-01-04 04:43:10,185.0,37,2017-01-04 04:41:20,-383.5436706542969,383.5436706542969,-354.7796993771115,-48.29615845551362,60.87448687166781
2017-01-04,tailward_fastflow_candidate,2017-01-04 04:43:35,2017-01-04 04:47:00,210.0,42,2017-01-04 04:44:50,-392.8952331542969,392.8952331542969,-374.24445197695775,-30.916287342707317,47.40469782693045
2017-01-04,tailward_fastflow_candidate,2017-01-04 04:47:50,2017-01-04 04:47:55,10.0,2,2017-01-04 04:47:55,-306.4146423339844,306.4146423339844,-305.134033203125,-82.49784851074219,99.40482711791992
2017-01-04,tailward_fastflow_candidate,2017-01-04 04:48:20,2017-01-04 04:48:45,30.0,6,2017-01-04 04:48:20,-323.6182861328125,323.6182861328125,-314.25306193033856,-37.87117497126261,51.59721819559733
2017-01-04,tailward_fastflow_candidate,2017-01-04 04:48:55,2017-01-04 04:49:00,10.0,2,2017-01-04 04:49:00,-311.23394775390625,311.23394775390625,-310.45445251464844,-26.651532649993896,51.97176265716553
2017-01-04,tailward_fastflow_candidate,2017-01-04 04:49:10,2017-01-04 04:49:45,40.0,8,2017-01-04 04:49:20,-345.5133056640625,345.5133056640625,-326.4354934692383,-38.33755084872246,35.8308265209198
2017-01-04,tailward_fastflow_candidate,2017-01-04 04:49:55,2017-01-04 04:50:20,30.0,6,2017-01-04 04:50:15,-355.69122314453125,355.69122314453125,-327.97089131673175,-52.23024686177572,48.68908071517944
2017-01-04,tailward_fastflow_candidate,2017-01-04 04:50:35,2017-01-04 05:08:20,1070.0,214,2017-01-04 04:51:25,-397.5777282714844,397.5777282714844,-365.68544091910957,-17.88508196881859,33.05758326744365
2017-01-04,tailward_fastflow_candidate,2017-01-04 05:08:30,2017-01-04 05:12:30,245.0,49,2017-01-04 05:10:55,-357.51165771484375,357.51165771484375,-337.696330790617,-20.200738259724208,20.266871179853165
2017-01-04,tailward_fastflow_candidate,2017-01-04 05:12:45,2017-01-04 05:14:15,95.0,19,2017-01-04 05:13:10,-348.86456298828125,348.86456298828125,-330.71269627621297,-12.729001145613822,31.334794094688014
2017-01-04,tailward_fastflow_candidate,2017-01-04 05:14:25,2017-01-04 05:33:55,1175.0,235,2017-01-04 05:32:15,-402.4994812011719,402.4994812011719,-357.7022938180477,-15.028693823405403,3.1733865514714665
2017-01-04,tailward_fastflow_candidate,2017-01-04 09:09:30,2017-01-04 09:09:40,15.0,3,2017-01-04 09:09:30,-351.8135986328125,351.8135986328125,-330.7330017089844,103.7428601582845,-14.245966593424479
2017-01-04,tailward_fastflow_candidate,2017-01-04 09:21:50,2017-01-04 09:21:55,10.0,2,2017-01-04 09:21:55,-353.67132568359375,353.67132568359375,-344.1543273925781,-32.90080165863037,-65.0943717956543
2017-01-04,tailward_fastflow_candidate,2017-01-04 09:55:40,2017-01-04 09:55:45,10.0,2,2017-01-04 09:55:45,-329.3439178466797,329.3439178466797,-326.47904205322266,106.37548160552979,-75.26884841918945
2017-01-04,tailward_fastflow_candidate,2017-01-04 10:01:05,2017-01-04 10:03:45,165.0,33,2017-01-04 10:02:25,-445.1112976074219,445.1112976074219,-401.70008850097656,66.70551626610033,-1.5956200830864185
2017-01-04,tailward_fastflow_candidate,2017-01-04 10:18:30,2017-01-04 10:19:15,50.0,10,2017-01-04 10:19:10,-409.3365783691406,409.3365783691406,-364.6437652587891,62.73568553924561,-28.987934517860413
2017-01-04,tailward_fastflow_candidate,2017-01-04 10:19:25,2017-01-04 10:19:40,20.0,4,2017-01-04 10:19:30,-349.1160583496094,349.1160583496094,-328.42406463623047,52.914485454559326,-23.10969591140747
2017-01-04,tailward_fastflow_candidate,2017-01-04 10:19:50,2017-01-04 10:20:05,20.0,4,2017-01-04 10:20:05,-378.662353515625,378.662353515625,-375.02310943603516,88.10831069946289,-27.111501216888428
2017-01-04,tailward_fastflow_candidate,2017-01-04 10:20:15,2017-01-04 10:20:20,10.0,2,2017-01-04 10:20:15,-338.0250244140625,338.0250244140625,-330.69189453125,141.37841033935547,-12.622016429901123
2017-01-04,tailward_fastflow_candidate,2017-01-04 10:20:30,2017-01-04 10:20:35,10.0,2,2017-01-04 10:20:35,-345.9311828613281,345.9311828613281,-335.3724899291992,106.82236099243164,29.13906478881836
2017-01-04,tailward_fastflow_candidate,2017-01-04 10:20:45,2017-01-04 10:21:10,30.0,6,2017-01-04 10:21:10,-431.3822021484375,431.3822021484375,-363.18055216471356,85.29978624979655,69.69354724884033
2017-01-04,tailward_fastflow_candidate,2017-01-04 11:33:20,2017-01-04 11:33:35,20.0,4,2017-01-04 11:33:20,-343.0361633300781,343.0361633300781,-326.8062515258789,48.975422859191895,49.44837188720703
2017-01-05,tailward_fastflow_candidate,2017-01-05 04:30:45,2017-01-05 04:31:10,30.0,6,2017-01-05 04:30:50,-444.3698425292969,444.3698425292969,-390.7609380086263,-30.13189633687337,11.629583676656088
2017-01-05,tailward_fastflow_candidate,2017-01-05 04:38:05,2017-01-05 04:38:25,25.0,5,2017-01-05 04:38:10,-425.4104309082031,425.4104309082031,-364.53009338378905,1.8691506385803223,-21.222915649414062
2017-01-05,tailward_fastflow_candidate,2017-01-05 04:40:15,2017-01-05 04:44:15,245.0,49,2017-01-05 04:42:45,-481.91278076171875,481.91278076171875,-425.51626711475603,-7.075169558427771,-3.566034579763607
2017-01-05,tailward_fastflow_candidate,2017-01-05 04:46:50,2017-01-05 04:48:00,75.0,15,2017-01-05 04:47:55,-468.61871337890625,468.61871337890625,-388.80467834472654,-5.305188719431559,-32.17595653533935
2017-01-05,tailward_fastflow_candidate,2017-01-05 04:48:15,2017-01-05 04:48:25,15.0,3,2017-01-05 04:48:20,-387.1785888671875,387.1785888671875,-344.7166035970052,72.24906794230144,-55.363599141438804
2017-01-05,tailward_fastflow_candidate,2017-01-05 04:48:40,2017-01-05 04:49:05,30.0,6,2017-01-05 04:48:40,-394.29937744140625,394.29937744140625,-366.26093037923175,31.374075432618458,10.368331591288248
2017-01-05,tailward_fastflow_candidate,2017-01-05 04:56:15,2017-01-05 04:56:20,10.0,2,2017-01-05 04:56:20,-394.9115295410156,394.9115295410156,-351.68231201171875,17.112628936767578,54.059481620788574
2017-01-05,tailward_fastflow_candidate,2017-01-05 04:57:35,2017-01-05 04:58:00,30.0,6,2017-01-05 04:57:50,-447.48297119140625,447.48297119140625,-408.0009587605794,-38.046565890312195,31.229464213053387
2017-01-05,tailward_fastflow_candidate,2017-01-05 05:01:50,2017-01-05 05:17:15,930.0,186,2017-01-05 05:04:20,-572.5296630859375,572.5296630859375,-497.3920146983157,-12.630467522368637,-7.7017915787235385
2017-01-05,tailward_fastflow_candidate,2017-01-05 05:18:10,2017-01-05 05:19:30,85.0,17,2017-01-05 05:18:50,-480.8773498535156,480.8773498535156,-438.0396827248966,-24.197286185096292,-21.208799306084128
2017-01-05,tailward_fastflow_candidate,2017-01-05 05:19:40,2017-01-05 05:20:15,40.0,8,2017-01-05 05:19:55,-491.41583251953125,491.41583251953125,-400.9324321746826,-21.170397758483887,-3.06592059135437
2017-01-05,tailward_fastflow_candidate,2017-01-05 05:20:25,2017-01-05 05:31:55,695.0,139,2017-01-05 05:21:35,-547.453125,547.453125,-479.116794723401,-32.84538129979758,-25.03433862521494
2017-01-05,tailward_fastflow_candidate,2017-01-05 05:32:05,2017-01-05 05:32:10,10.0,2,2017-01-05 05:32:05,-335.3883361816406,335.3883361816406,-326.4059753417969,-103.02541732788086,-48.88178539276123
2017-01-05,tailward_fastflow_candidate,2017-01-05 05:32:50,2017-01-05 05:33:10,25.0,5,2017-01-05 05:33:05,-447.5311279296875,447.5311279296875,-371.20513916015625,-43.724885910749435,-33.37858066558838
2017-01-05,tailward_fastflow_candidate,2017-01-05 05:33:20,2017-01-05 05:33:50,35.0,7,2017-01-05 05:33:20,-448.79266357421875,448.79266357421875,-374.9231262207031,-9.22389098576137,-85.65088898794991
2017-01-05,tailward_fastflow_candidate,2017-01-05 05:35:30,2017-01-05 05:35:35,10.0,2,2017-01-05 05:35:35,-408.2408752441406,408.2408752441406,-379.36151123046875,-45.75339317321777,-68.42652130126953
2017-01-05,tailward_fastflow_candidate,2017-01-05 05:41:40,2017-01-05 05:43:20,105.0,21,2017-01-05 05:43:20,-493.80908203125,493.80908203125,-431.9444558279855,-26.30684148697626,-46.48730791182745
2017-01-05,tailward_fastflow_candidate,2017-01-05 05:43:50,2017-01-05 05:59:35,950.0,190,2017-01-05 05:46:10,-511.4030456542969,511.4030456542969,-447.6990728277909,-24.371573071064134,-29.165025758743287
2017-01-05,tailward_fastflow_candidate,2017-01-05 06:00:20,2017-01-05 06:10:25,610.0,122,2017-01-05 06:08:05,-505.1050720214844,505.1050720214844,-434.49566237652886,-49.7855555795927,-56.37063233578792
2017-01-05,tailward_fastflow_candidate,2017-01-05 06:10:35,2017-01-05 06:10:50,20.0,4,2017-01-05 06:10:50,-377.00408935546875,377.00408935546875,-346.3817329406738,7.301770448684692,-115.7389030456543
2017-01-05,tailward_fastflow_candidate,2017-01-05 06:11:30,2017-01-05 06:12:05,40.0,8,2017-01-05 06:11:40,-462.3263854980469,462.3263854980469,-413.2821273803711,-78.346018075943,-7.23110556602478
2017-01-05,tailward_fastflow_candidate,2017-01-05 06:12:45,2017-01-05 06:13:40,60.0,12,2017-01-05 06:13:15,-482.8634033203125,482.8634033203125,-425.7204195658366,-11.524720708529154,29.43839395046234
2017-01-05,tailward_fastflow_candidate,2017-01-05 06:14:10,2017-01-05 06:15:00,55.0,11,2017-01-05 06:15:00,-424.5803527832031,424.5803527832031,-377.1705974232067,-61.71346048875289,9.620357860218395
2017-01-05,tailward_fastflow_candidate,2017-01-05 06:19:25,2017-01-05 06:28:05,525.0,105,2017-01-05 06:24:30,-512.7538452148438,512.7538452148438,-457.30196489606584,-28.866993742613566,-17.41711468469529
2017-01-05,tailward_fastflow_candidate,2017-01-05 07:19:35,2017-01-05 07:20:15,45.0,9,2017-01-05 07:19:55,-486.50177001953125,486.50177001953125,-447.4231770833333,15.99535964594947,-55.07583257887099
2017-01-05,tailward_fastflow_candidate,2017-01-05 07:49:50,2017-01-05 07:49:55,10.0,2,2017-01-05 07:49:55,-321.3438720703125,321.3438720703125,-314.0697021484375,-44.685277700424194,42.85713243484497
2017-01-05,tailward_fastflow_candidate,2017-01-05 09:12:15,2017-01-05 09:12:20,10.0,2,2017-01-05 09:12:20,-311.9053955078125,311.9053955078125,-309.9869689941406,-129.1173095703125,29.836233139038086
2017-01-05,tailward_fastflow_candidate,2017-01-05 09:12:40,2017-01-05 09:14:05,90.0,18,2017-01-05 09:13:00,-484.41473388671875,484.41473388671875,-451.5872056749132,9.406968348556095,-5.588775846693251
2017-01-05,tailward_fastflow_candidate,2017-01-05 09:14:15,2017-01-05 09:15:55,105.0,21,2017-01-05 09:15:50,-459.8210754394531,459.8210754394531,-429.34991963704425,2.334186191005366,-2.376667022705078
2017-01-05,tailward_fastflow_candidate,2017-01-05 11:52:00,2017-01-05 11:52:10,15.0,3,2017-01-05 11:52:05,-474.6612854003906,474.6612854003906,-430.7303466796875,12.861227671305338,-20.437875111897785
2017-01-05,tailward_fastflow_candidate,2017-01-05 11:52:40,2017-01-05 11:54:45,130.0,26,2017-01-05 11:54:05,-539.37060546875,539.37060546875,-462.8608627319336,51.669253551043,-8.82914242377648
2017-01-06,tailward_fastflow_candidate,2017-01-06 03:07:20,2017-01-06 03:07:35,20.0,4,2017-01-06 03:07:25,-344.9988098144531,344.9988098144531,-320.9028091430664,-93.47601318359375,-192.42949295043945
2017-01-06,tailward_fastflow_candidate,2017-01-06 03:07:50,2017-01-06 03:07:55,10.0,2,2017-01-06 03:07:55,-309.62298583984375,309.62298583984375,-306.51959228515625,-152.47635650634766,-86.92399024963379
2017-01-06,tailward_fastflow_candidate,2017-01-06 05:40:30,2017-01-06 05:40:50,25.0,5,2017-01-06 05:40:35,-437.6720886230469,437.6720886230469,-360.1426025390625,-91.51526641845703,-143.72649688720702
2017-01-06,tailward_fastflow_candidate,2017-01-06 05:41:00,2017-01-06 05:41:15,20.0,4,2017-01-06 05:41:05,-329.473388671875,329.473388671875,-319.78892517089844,-4.0668556690216064,16.08140516281128
2017-01-06,tailward_fastflow_candidate,2017-01-06 05:47:25,2017-01-06 05:48:05,45.0,9,2017-01-06 05:47:30,-572.9794921875,572.9794921875,-412.2445560031467,150.97891998291016,32.6142512427436
2017-01-06,tailward_fastflow_candidate,2017-01-06 05:48:55,2017-01-06 05:49:05,15.0,3,2017-01-06 05:49:00,-501.68548583984375,501.68548583984375,-453.6082356770833,-78.03927230834961,-22.44117546081543
2017-01-06,tailward_fastflow_candidate,2017-01-06 05:54:50,2017-01-06 05:55:00,15.0,3,2017-01-06 05:54:55,-567.7401733398438,567.7401733398438,-471.52051798502606,-86.69500295321147,25.580098470052082
2017-01-06,tailward_fastflow_candidate,2017-01-06 05:56:05,2017-01-06 05:56:30,30.0,6,2017-01-06 05:56:15,-408.9079895019531,408.9079895019531,-359.1356506347656,52.49327802658081,24.40111796061198
2017-01-06,tailward_fastflow_candidate,2017-01-06 05:58:15,2017-01-06 05:58:20,10.0,2,2017-01-06 05:58:15,-337.1577453613281,337.1577453613281,-332.56524658203125,-1.3626108169555664,64.54031753540039
2017-01-06,tailward_fastflow_candidate,2017-01-06 06:46:40,2017-01-06 06:47:00,25.0,5,2017-01-06 06:46:50,-567.23583984375,567.23583984375,-454.90379638671874,11.439669799804687,-22.438277626037596
2017-01-06,tailward_fastflow_candidate,2017-01-06 06:47:10,2017-01-06 06:47:30,25.0,5,2017-01-06 06:47:20,-441.2228088378906,441.2228088378906,-380.0833312988281,-32.339385223388675,102.5163200378418
2017-01-06,tailward_fastflow_candidate,2017-01-06 06:50:55,2017-01-06 06:51:10,20.0,4,2017-01-06 06:51:10,-389.55474853515625,389.55474853515625,-358.67700958251953,47.473052859306335,132.47790908813477
2017-01-06,tailward_fastflow_candidate,2017-01-06 06:51:25,2017-01-06 06:51:50,30.0,6,2017-01-06 06:51:30,-423.2275390625,423.2275390625,-352.4897282918294,62.03124554951986,161.0086669921875
2017-01-06,tailward_fastflow_candidate,2017-01-06 06:52:00,2017-01-06 06:52:35,40.0,8,2017-01-06 06:52:25,-540.9884033203125,540.9884033203125,-462.94375801086426,104.71697425842285,177.46754026412964
2017-01-06,tailward_fastflow_candidate,2017-01-06 06:53:15,2017-01-06 06:54:00,50.0,10,2017-01-06 06:53:40,-387.5136413574219,387.5136413574219,-361.1189239501953,116.1939219802618,122.23129715919495
2017-01-06,tailward_fastflow_candidate,2017-01-06 06:55:35,2017-01-06 06:56:10,40.0,8,2017-01-06 06:55:50,-474.6391906738281,474.6391906738281,-413.06419944763184,59.16980171203613,89.69990015029907
2017-01-06,tailward_fastflow_candidate,2017-01-06 06:57:20,2017-01-06 06:57:30,15.0,3,2017-01-06 06:57:20,-379.9919738769531,379.9919738769531,-361.1339111328125,58.043112436930336,-77.10658582051595
2017-01-06,tailward_fastflow_candidate,2017-01-06 06:58:10,2017-01-06 06:58:15,10.0,2,2017-01-06 06:58:10,-355.2530822753906,355.2530822753906,-343.2296905517578,-49.51785373687744,-80.61767864227295
2017-01-06,tailward_fastflow_candidate,2017-01-06 07:04:25,2017-01-06 07:04:30,10.0,2,2017-01-06 07:04:30,-338.1917724609375,338.1917724609375,-324.5189971923828,-82.80559349060059,-131.95148849487305
2017-01-06,tailward_fastflow_candidate,2017-01-06 07:04:45,2017-01-06 07:08:00,200.0,40,2017-01-06 07:06:00,-676.0372924804688,676.0372924804688,-531.007530593872,27.26886169910431,2.0378924369812013
2017-01-06,tailward_fastflow_candidate,2017-01-06 07:08:25,2017-01-06 07:08:35,15.0,3,2017-01-06 07:08:35,-479.76153564453125,479.76153564453125,-467.9341125488281,82.44855213165283,7.836881001790364
2017-01-06,tailward_fastflow_candidate,2017-01-06 07:12:20,2017-01-06 07:12:25,10.0,2,2017-01-06 07:12:20,-333.4303894042969,333.4303894042969,-331.4047088623047,-89.24747562408447,-75.48471641540527
2017-01-06,tailward_fastflow_candidate,2017-01-06 07:19:00,2017-01-06 07:19:10,15.0,3,2017-01-06 07:19:00,-390.4049072265625,390.4049072265625,-376.1653772989909,58.24327818552653,91.03830019632976
2017-01-06,tailward_fastflow_candidate,2017-01-06 07:20:30,2017-01-06 07:20:40,15.0,3,2017-01-06 07:20:35,-515.9129028320312,515.9129028320312,-458.20660909016925,1.6700057983398438,-40.76416269938151
2017-01-06,tailward_fastflow_candidate,2017-01-06 07:21:20,2017-01-06 07:21:55,40.0,8,2017-01-06 07:21:55,-625.0850830078125,625.0850830078125,-443.0281677246094,-36.519822001457214,-12.30146324634552
2017-01-06,tailward_fastflow_candidate,2017-01-06 07:24:55,2017-01-06 07:27:30,160.0,32,2017-01-06 07:25:45,-629.3582153320312,629.3582153320312,-515.9393544197083,14.69892253074795,-9.679166197776794
2017-01-06,tailward_fastflow_candidate,2017-01-06 07:27:40,2017-01-06 07:28:05,30.0,6,2017-01-06 07:27:50,-587.4619140625,587.4619140625,-512.6188405354818,81.25954882303874,134.16674168904623
2017-01-06,tailward_fastflow_candidate,2017-01-06 07:28:15,2017-01-06 07:28:20,10.0,2,2017-01-06 07:28:15,-333.0617980957031,333.0617980957031,-321.6727752685547,67.79344367980957,204.24388122558594
2017-01-06,tailward_fastflow_candidate,2017-01-06 07:48:40,2017-01-06 07:48:50,15.0,3,2017-01-06 07:48:45,-405.9324951171875,405.9324951171875,-366.8596496582031,9.225188573201498,-134.44740295410156
2017-01-06,tailward_fastflow_candidate,2017-01-06 07:50:45,2017-01-06 07:50:55,15.0,3,2017-01-06 07:50:55,-413.5093994140625,413.5093994140625,-346.72083536783856,-90.08656438191731,-144.88973744710287
2017-01-06,tailward_fastflow_candidate,2017-01-06 07:51:20,2017-01-06 07:51:45,30.0,6,2017-01-06 07:51:45,-509.65679931640625,509.65679931640625,-447.2469736735026,-10.689435640970865,-152.44363911946616
2017-01-06,tailward_fastflow_candidate,2017-01-06 08:02:05,2017-01-06 08:06:15,255.0,51,2017-01-06 08:03:50,-627.9579467773438,627.9579467773438,-486.77174347522214,-20.620720565903422,-54.305548200420304
2017-01-06,tailward_fastflow_candidate,2017-01-06 08:11:40,2017-01-06 08:12:20,45.0,9,2017-01-06 08:11:50,-397.3287353515625,397.3287353515625,-354.6469438340929,-98.91464636060927,170.48939259847006
2017-01-06,tailward_fastflow_candidate,2017-01-06 08:14:10,2017-01-06 08:14:15,10.0,2,2017-01-06 08:14:15,-394.65350341796875,394.65350341796875,-354.02764892578125,-47.00020217895508,-25.295846939086914
2017-01-06,tailward_fastflow_candidate,2017-01-06 08:24:15,2017-01-06 08:27:05,175.0,35,2017-01-06 08:26:45,-636.7450561523438,636.7450561523438,-431.6049516950335,-122.92298834664481,25.474396078927175
2017-01-06,tailward_fastflow_candidate,2017-01-06 08:27:15,2017-01-06 08:29:10,120.0,24,2017-01-06 08:29:00,-640.796630859375,640.796630859375,-536.9022954305013,47.68090150753657,6.682170669237773
2017-01-06,tailward_fastflow_candidate,2017-01-06 08:29:30,2017-01-06 08:29:35,10.0,2,2017-01-06 08:29:35,-550.91064453125,550.91064453125,-479.3905487060547,82.08454513549805,-38.38980484008789
2017-01-06,tailward_fastflow_candidate,2017-01-06 08:36:05,2017-01-06 08:36:15,15.0,3,2017-01-06 08:36:10,-472.3455505371094,472.3455505371094,-403.1790771484375,61.53050931294759,130.01715087890625
2017-01-06,tailward_fastflow_candidate,2017-01-06 08:38:25,2017-01-06 08:38:35,15.0,3,2017-01-06 08:38:25,-575.257568359375,575.257568359375,-536.9554138183594,134.60657755533853,23.658085505167644
2017-01-06,tailward_fastflow_candidate,2017-01-06 08:53:50,2017-01-06 08:54:00,15.0,3,2017-01-06 08:53:55,-344.6481018066406,344.6481018066406,-331.06568400065106,7.0167694091796875,17.57497723897298
2017-01-06,tailward_fastflow_candidate,2017-01-06 09:10:05,2017-01-06 09:10:10,10.0,2,2017-01-06 09:10:05,-333.3773193359375,333.3773193359375,-327.16766357421875,122.22440719604492,30.250245094299316
2017-01-06,tailward_fastflow_candidate,2017-01-06 09:31:15,2017-01-06 09:31:45,35.0,7,2017-01-06 09:31:45,-338.6075134277344,338.6075134277344,-323.3752179827009,-8.85922282082694,-95.12044307163784
2017-01-07,earthward_candidate,2017-01-07 08:51:55,2017-01-07 08:52:10,20.0,4,2017-01-07 08:52:00,338.0318603515625,338.0318603515625,319.1829605102539,4.792754232883453,-89.4904556274414
2017-01-07,tailward_fastflow_candidate,2017-01-07 01:53:50,2017-01-07 01:54:00,15.0,3,2017-01-07 01:53:55,-381.81451416015625,381.81451416015625,-349.6372985839844,-84.74030431111653,-0.015432993570963541
2017-01-07,tailward_fastflow_candidate,2017-01-07 01:54:10,2017-01-07 01:54:15,10.0,2,2017-01-07 01:54:10,-304.83489990234375,304.83489990234375,-303.1926574707031,-138.7218017578125,-37.846877098083496
2017-01-07,tailward_fastflow_candidate,2017-01-07 03:45:50,2017-01-07 03:46:00,15.0,3,2017-01-07 03:46:00,-339.05859375,339.05859375,-331.6997782389323,-57.822952588399254,-161.90411376953125
2017-01-07,tailward_fastflow_candidate,2017-01-07 04:31:55,2017-01-07 04:32:05,15.0,3,2017-01-07 04:32:00,-325.0595703125,325.0595703125,-315.7530008951823,-37.71629778544108,19.16298484802246
2017-01-07,tailward_fastflow_candidate,2017-01-07 05:12:40,2017-01-07 05:13:55,80.0,16,2017-01-07 05:13:45,-487.00994873046875,487.00994873046875,-390.0931692123413,-0.4708506911993027,17.6109060049057
2017-01-07,tailward_fastflow_candidate,2017-01-07 05:37:40,2017-01-07 05:38:40,65.0,13,2017-01-07 05:38:15,-450.73748779296875,450.73748779296875,-392.4115811861478,47.68010365045988,-78.39715473468488
2017-01-07,tailward_fastflow_candidate,2017-01-07 06:39:45,2017-01-07 06:40:05,25.0,5,2017-01-07 06:39:55,-372.0020446777344,372.0020446777344,-339.4538879394531,-14.545142459869385,70.40661239624023
2017-01-07,tailward_fastflow_candidate,2017-01-07 07:39:00,2017-01-07 07:39:40,45.0,9,2017-01-07 07:39:15,-488.1744384765625,488.1744384765625,-387.9536624484592,11.71686511569553,-193.3634991115994
2017-01-07,tailward_fastflow_candidate,2017-01-07 07:47:50,2017-01-07 07:49:25,100.0,20,2017-01-07 07:48:40,-421.260498046875,421.260498046875,-371.6861183166504,-28.27293378673494,-29.57490482330322
2017-01-07,tailward_fastflow_candidate,2017-01-07 08:06:15,2017-01-07 08:06:40,30.0,6,2017-01-07 08:06:25,-443.2941589355469,443.2941589355469,-389.6605173746745,-71.64001909891765,-117.89230219523112
2017-01-07,tailward_fastflow_candidate,2017-01-07 08:16:40,2017-01-07 08:16:45,10.0,2,2017-01-07 08:16:45,-382.6146545410156,382.6146545410156,-360.60853576660156,39.24369239807129,-49.84030818939209
2017-01-07,tailward_fastflow_candidate,2017-01-07 08:19:00,2017-01-07 08:19:05,10.0,2,2017-01-07 08:19:00,-380.92779541015625,380.92779541015625,-345.9325408935547,-63.174628257751465,-133.03081512451172
2017-01-07,tailward_fastflow_candidate,2017-01-07 08:47:50,2017-01-07 08:48:25,40.0,8,2017-01-07 08:48:05,-405.28594970703125,405.28594970703125,-355.470890045166,56.16598251461983,-10.015101432800293
2017-01-07,tailward_fastflow_candidate,2017-01-07 09:07:25,2017-01-07 09:10:15,175.0,35,2017-01-07 09:09:50,-664.1212768554688,664.1212768554688,-497.4706364222935,40.124071546963286,120.47018359048026
2017-01-07,tailward_fastflow_candidate,2017-01-07 09:55:00,2017-01-07 09:55:25,30.0,6,2017-01-07 09:55:10,-471.4455261230469,471.4455261230469,-390.68695576985675,56.63034383455912,-232.4502970377604
